Timestamp,BC6
2018-01-15 01:00:00,413
2018-01-15 01:01:00,409
2018-01-15 01:02:00,406
2018-01-15 01:03:00,404
2018-01-15 01:04:00,401
2018-01-15 01:05:00,399
2018-01-15 01:06:00,397
2018-01-15 01:07:00,395
2018-01-15 01:08:00,393
2018-01-15 01:09:00,390
2018-01-15 01:10:00,388
2018-01-15 01:11:00,386
2018-01-15 01:12:00,385
2018-01-15 01:13:00,383
2018-01-15 01:14:00,382
2018-01-15 01:15:00,380
2018-01-15 01:16:00,379
2018-01-15 01:17:00,376
2018-01-15 01:18:00,374
2018-01-15 01:19:00,373
2018-01-15 01:20:00,372
2018-01-15 01:21:00,370
2018-01-15 01:22:00,369
2018-01-15 01:23:00,368
2018-01-15 01:24:00,367
2018-01-15 01:25:00,365
2018-01-15 01:26:00,362
2018-01-15 01:27:00,362
2018-01-15 01:28:00,360
2018-01-15 01:29:00,359
2018-01-15 01:30:00,358
2018-01-15 01:31:00,357
2018-01-15 01:32:00,357
2018-01-15 01:33:00,355
2018-01-15 01:34:00,352
2018-01-15 01:35:00,350
2018-01-15 01:36:00,350
2018-01-15 01:37:00,349
2018-01-15 01:38:00,350
2018-01-15 01:39:00,350
2018-01-15 01:40:00,350
2018-01-15 01:41:00,350
2018-01-15 01:42:00,349
2018-01-15 01:43:00,349
2018-01-15 01:44:00,350
2018-01-15 01:45:00,348
2018-01-15 01:46:00,348
2018-01-15 01:47:00,349
2018-01-15 01:48:00,348
2018-01-15 01:49:00,349
2018-01-15 01:50:00,348
2018-01-15 01:51:00,347
2018-01-15 01:52:00,346
2018-01-15 01:53:00,348
2018-01-15 01:54:00,349
2018-01-15 01:55:00,350
2018-01-15 01:56:00,350
2018-01-15 01:57:00,349
2018-01-15 01:58:00,349
2018-01-15 01:59:00,349
2018-01-15 02:00:00,350
2018-01-15 02:01:00,350
2018-01-15 02:02:00,354
2018-01-15 02:03:00,356
2018-01-15 02:04:00,359
2018-01-15 02:05:00,361
2018-01-15 02:06:00,362
2018-01-15 02:07:00,362
2018-01-15 02:08:00,363
2018-01-15 02:09:00,365
2018-01-15 02:10:00,366
2018-01-15 02:11:00,367
2018-01-15 02:12:00,366
2018-01-15 02:13:00,367
2018-01-15 02:14:00,366
2018-01-15 02:15:00,367
2018-01-15 02:16:00,367
2018-01-15 02:17:00,370
2018-01-15 02:18:00,371
2018-01-15 02:19:00,371
2018-01-15 02:20:00,371
2018-01-15 02:21:00,372
2018-01-15 02:22:00,372
2018-01-15 02:23:00,372
2018-01-15 02:24:00,372
2018-01-15 02:25:00,372
2018-01-15 02:26:00,372
2018-01-15 02:27:00,372
2018-01-15 02:28:00,373
2018-01-15 02:29:00,373
2018-01-15 02:30:00,372
2018-01-15 02:31:00,372
2018-01-15 02:32:00,371
2018-01-15 02:33:00,372
2018-01-15 02:34:00,372
2018-01-15 02:35:00,372
2018-01-15 02:36:00,372
2018-01-15 02:37:00,373
2018-01-15 02:38:00,372
2018-01-15 02:39:00,372
2018-01-15 02:40:00,370
2018-01-15 02:41:00,371
2018-01-15 02:42:00,371
2018-01-15 02:43:00,371
2018-01-15 02:44:00,371
2018-01-15 02:45:00,372
2018-01-15 02:46:00,371
2018-01-15 02:47:00,371
2018-01-15 02:48:00,371
2018-01-15 02:49:00,370
2018-01-15 02:50:00,371
2018-01-15 02:51:00,371
2018-01-15 02:52:00,371
2018-01-15 02:53:00,370
2018-01-15 02:54:00,369
2018-01-15 02:55:00,369
2018-01-15 02:56:00,368
2018-01-15 02:57:00,368
2018-01-15 02:58:00,369
2018-01-15 02:59:00,369
2018-01-15 03:00:00,370
2018-01-15 03:01:00,369
2018-01-15 03:02:00,366
2018-01-15 03:03:00,363
2018-01-15 03:04:00,361
2018-01-15 03:05:00,359
2018-01-15 03:06:00,359
2018-01-15 03:07:00,359
2018-01-15 03:08:00,359
2018-01-15 03:09:00,360
2018-01-15 03:10:00,361
2018-01-15 03:11:00,360
2018-01-15 03:12:00,360
2018-01-15 03:13:00,360
2018-01-15 03:14:00,361
2018-01-15 03:15:00,360
2018-01-15 03:16:00,361
2018-01-15 03:17:00,359
2018-01-15 03:18:00,358
2018-01-15 03:19:00,358
2018-01-15 03:20:00,358
2018-01-15 03:21:00,357
2018-01-15 03:22:00,358
2018-01-15 03:23:00,358
2018-01-15 03:24:00,358
2018-01-15 03:25:00,358
2018-01-15 03:26:00,358
2018-01-15 03:27:00,359
2018-01-15 03:28:00,359
2018-01-15 03:29:00,360
2018-01-15 03:30:00,361
2018-01-15 03:31:00,361
2018-01-15 03:32:00,361
2018-01-15 03:33:00,360
2018-01-15 03:34:00,361
2018-01-15 03:35:00,361
2018-01-15 03:36:00,361
2018-01-15 03:37:00,361
2018-01-15 03:38:00,362
2018-01-15 03:39:00,362
2018-01-15 03:40:00,362
2018-01-15 03:41:00,363
2018-01-15 03:42:00,363
2018-01-15 03:43:00,363
2018-01-15 03:44:00,363
2018-01-15 03:45:00,363
2018-01-15 03:46:00,363
2018-01-15 03:47:00,363
2018-01-15 03:48:00,362
2018-01-15 03:49:00,362
2018-01-15 03:50:00,362
2018-01-15 03:51:00,360
2018-01-15 03:52:00,361
2018-01-15 03:53:00,361
2018-01-15 03:54:00,362
2018-01-15 03:55:00,361
2018-01-15 03:56:00,361
2018-01-15 03:57:00,360
2018-01-15 03:58:00,360
2018-01-15 03:59:00,359
2018-01-15 04:00:00,358
2018-01-15 04:01:00,358
2018-01-15 04:02:00,359
2018-01-15 04:03:00,358
2018-01-15 04:04:00,357
2018-01-15 04:05:00,356
2018-01-15 04:06:00,357
2018-01-15 04:07:00,356
2018-01-15 04:08:00,354
2018-01-15 04:09:00,353
2018-01-15 04:10:00,352
2018-01-15 04:11:00,352
2018-01-15 04:12:00,351
2018-01-15 04:13:00,349
2018-01-15 04:14:00,350
2018-01-15 04:15:00,348
2018-01-15 04:16:00,348
2018-01-15 04:17:00,347
2018-01-15 04:18:00,348
2018-01-15 04:19:00,347
2018-01-15 04:20:00,346
2018-01-15 04:21:00,347
2018-01-15 04:22:00,346
2018-01-15 04:23:00,346
2018-01-15 04:24:00,345
2018-01-15 04:25:00,346
2018-01-15 04:26:00,345
2018-01-15 04:27:00,344
2018-01-15 04:28:00,344
2018-01-15 04:29:00,343
2018-01-15 04:30:00,341
2018-01-15 04:31:00,341
2018-01-15 04:32:00,340
2018-01-15 04:33:00,341
2018-01-15 04:34:00,341
2018-01-15 04:35:00,340
2018-01-15 04:36:00,340
2018-01-15 04:37:00,340
2018-01-15 04:38:00,339
2018-01-15 04:39:00,340
2018-01-15 04:40:00,342
2018-01-15 04:41:00,343
2018-01-15 04:42:00,343
2018-01-15 04:43:00,344
2018-01-15 04:44:00,345
2018-01-15 04:45:00,347
2018-01-15 04:46:00,348
2018-01-15 04:47:00,350
2018-01-15 04:48:00,351
2018-01-15 04:49:00,353
2018-01-15 04:50:00,354
2018-01-15 04:51:00,355
2018-01-15 04:52:00,356
2018-01-15 04:53:00,357
2018-01-15 04:54:00,359
2018-01-15 04:55:00,361
2018-01-15 04:56:00,363
2018-01-15 04:57:00,367
2018-01-15 04:58:00,367
2018-01-15 04:59:00,369
2018-01-15 05:00:00,368
2018-01-15 05:01:00,370
2018-01-15 05:02:00,371
2018-01-15 05:03:00,372
2018-01-15 05:04:00,374
2018-01-15 05:05:00,377
2018-01-15 05:06:00,378
2018-01-15 05:07:00,379
2018-01-15 05:08:00,381
2018-01-15 05:09:00,382
2018-01-15 05:10:00,383
2018-01-15 05:11:00,384
2018-01-15 05:12:00,386
2018-01-15 05:13:00,388
2018-01-15 05:14:00,388
2018-01-15 05:15:00,390
2018-01-15 05:16:00,390
2018-01-15 05:17:00,391
2018-01-15 05:18:00,392
2018-01-15 05:19:00,394
2018-01-15 05:20:00,395
2018-01-15 05:21:00,396
2018-01-15 05:22:00,397
2018-01-15 05:23:00,398
2018-01-15 05:24:00,399
2018-01-15 05:25:00,399
2018-01-15 05:26:00,401
2018-01-15 05:27:00,402
2018-01-15 05:28:00,404
2018-01-15 05:29:00,405
2018-01-15 05:30:00,406
2018-01-15 05:31:00,407
2018-01-15 05:32:00,407
2018-01-15 05:33:00,407
2018-01-15 05:34:00,408
2018-01-15 05:35:00,410
2018-01-15 05:36:00,409
2018-01-15 05:37:00,410
2018-01-15 05:38:00,410
2018-01-15 05:39:00,409
2018-01-15 05:40:00,408
2018-01-15 05:41:00,407
2018-01-15 05:42:00,406
2018-01-15 05:43:00,406
2018-01-15 05:44:00,405
2018-01-15 05:45:00,405
2018-01-15 05:46:00,404
2018-01-15 05:47:00,403
2018-01-15 05:48:00,403
2018-01-15 05:49:00,402
2018-01-15 05:50:00,402
2018-01-15 05:51:00,402
2018-01-15 05:52:00,401
2018-01-15 05:53:00,401
2018-01-15 05:54:00,399
2018-01-15 05:55:00,398
2018-01-15 05:56:00,397
2018-01-15 05:57:00,395
2018-01-15 05:58:00,394
2018-01-15 05:59:00,394
2018-01-15 06:00:00,395
2018-01-15 06:01:00,395
2018-01-15 06:02:00,394
2018-01-15 06:03:00,396
2018-01-15 06:04:00,398
2018-01-15 06:05:00,399
2018-01-15 06:06:00,399
2018-01-15 06:07:00,399
2018-01-15 06:08:00,401
2018-01-15 06:09:00,404
2018-01-15 06:10:00,405
2018-01-15 06:11:00,405
2018-01-15 06:12:00,405
2018-01-15 06:13:00,407
2018-01-15 06:14:00,408
2018-01-15 06:15:00,411
2018-01-15 06:16:00,413
2018-01-15 06:17:00,414
2018-01-15 06:18:00,413
2018-01-15 06:19:00,413
2018-01-15 06:20:00,412
2018-01-15 06:21:00,412
2018-01-15 06:22:00,412
2018-01-15 06:23:00,413
2018-01-15 06:24:00,413
2018-01-15 06:25:00,414
2018-01-15 06:26:00,414
2018-01-15 06:27:00,414
2018-01-15 06:28:00,414
2018-01-15 06:29:00,414
2018-01-15 06:30:00,416
2018-01-15 06:31:00,417
2018-01-15 06:32:00,417
2018-01-15 06:33:00,418
2018-01-15 06:34:00,420
2018-01-15 06:35:00,423
2018-01-15 06:36:00,427
2018-01-15 06:37:00,433
2018-01-15 06:38:00,436
2018-01-15 06:39:00,439
2018-01-15 06:40:00,441
2018-01-15 06:41:00,444
2018-01-15 06:42:00,445
2018-01-15 06:43:00,447
2018-01-15 06:44:00,448
2018-01-15 06:45:00,450
2018-01-15 06:46:00,451
2018-01-15 06:47:00,452
2018-01-15 06:48:00,452
2018-01-15 06:49:00,453
2018-01-15 06:50:00,454
2018-01-15 06:51:00,454
2018-01-15 06:52:00,454
2018-01-15 06:53:00,453
2018-01-15 06:54:00,455
2018-01-15 06:55:00,456
2018-01-15 06:56:00,456
2018-01-15 06:57:00,457
2018-01-15 06:58:00,458
2018-01-15 06:59:00,458
2018-01-15 07:00:00,459
2018-01-15 07:01:00,459
2018-01-15 07:02:00,460
2018-01-15 07:03:00,459
2018-01-15 07:04:00,457
2018-01-15 07:05:00,456
2018-01-15 07:06:00,455
2018-01-15 07:07:00,455
2018-01-15 07:08:00,454
2018-01-15 07:09:00,451
2018-01-15 07:10:00,452
2018-01-15 07:11:00,452
2018-01-15 07:12:00,453
2018-01-15 07:13:00,453
2018-01-15 07:14:00,453
2018-01-15 07:15:00,451
2018-01-15 07:16:00,451
2018-01-15 07:17:00,450
2018-01-15 07:18:00,452
2018-01-15 07:19:00,452
2018-01-15 07:20:00,455
2018-01-15 07:21:00,456
2018-01-15 07:22:00,457
2018-01-15 07:23:00,457
2018-01-15 07:24:00,459
2018-01-15 07:25:00,460
2018-01-15 07:26:00,463
2018-01-15 07:27:00,465
2018-01-15 07:28:00,465
2018-01-15 07:29:00,467
2018-01-15 07:30:00,467
2018-01-15 07:31:00,467
2018-01-15 07:32:00,469
2018-01-15 07:33:00,470
2018-01-15 07:34:00,470
2018-01-15 07:35:00,468
2018-01-15 07:36:00,467
2018-01-15 07:37:00,464
2018-01-15 07:38:00,463
2018-01-15 07:39:00,463
2018-01-15 07:40:00,461
2018-01-15 07:41:00,461
2018-01-15 07:42:00,462
2018-01-15 07:43:00,463
2018-01-15 07:44:00,463
2018-01-15 07:45:00,463
2018-01-15 07:46:00,464
2018-01-15 07:47:00,464
2018-01-15 07:48:00,466
2018-01-15 07:49:00,467
2018-01-15 07:50:00,469
2018-01-15 07:51:00,471
2018-01-15 07:52:00,475
2018-01-15 07:53:00,477
2018-01-15 07:54:00,478
2018-01-15 07:55:00,478
2018-01-15 07:56:00,480
2018-01-15 07:57:00,482
2018-01-15 07:58:00,483
2018-01-15 07:59:00,488
2018-01-15 08:00:00,493
2018-01-15 08:01:00,499
2018-01-15 08:02:00,503
2018-01-15 08:03:00,505
2018-01-15 08:04:00,508
2018-01-15 08:05:00,510
2018-01-15 08:06:00,512
2018-01-15 08:07:00,514
2018-01-15 08:08:00,516
2018-01-15 08:09:00,519
2018-01-15 08:10:00,520
2018-01-15 08:11:00,521
2018-01-15 08:12:00,522
2018-01-15 08:13:00,524
2018-01-15 08:14:00,525
2018-01-15 08:15:00,529
2018-01-15 08:16:00,530
2018-01-15 08:17:00,534
2018-01-15 08:18:00,537
2018-01-15 08:19:00,540
2018-01-15 08:20:00,541
2018-01-15 08:21:00,545
2018-01-15 08:22:00,551
2018-01-15 08:23:00,556
2018-01-15 08:24:00,559
2018-01-15 08:25:00,561
2018-01-15 08:26:00,564
2018-01-15 08:27:00,567
2018-01-15 08:28:00,569
2018-01-15 08:29:00,572
2018-01-15 08:30:00,577
2018-01-15 08:31:00,583
2018-01-15 08:32:00,587
2018-01-15 08:33:00,592
2018-01-15 08:34:00,596
2018-01-15 08:35:00,601
2018-01-15 08:36:00,605
2018-01-15 08:37:00,610
2018-01-15 08:38:00,616
2018-01-15 08:39:00,623
2018-01-15 08:40:00,630
2018-01-15 08:41:00,638
2018-01-15 08:42:00,644
2018-01-15 08:43:00,649
2018-01-15 08:44:00,657
2018-01-15 08:45:00,669
2018-01-15 08:46:00,683
2018-01-15 08:47:00,696
2018-01-15 08:48:00,706
2018-01-15 08:49:00,714
2018-01-15 08:50:00,719
2018-01-15 08:51:00,724
2018-01-15 08:52:00,726
2018-01-15 08:53:00,731
2018-01-15 08:54:00,737
2018-01-15 08:55:00,745
2018-01-15 08:56:00,750
2018-01-15 08:57:00,756
2018-01-15 08:58:00,760
2018-01-15 08:59:00,763
2018-01-15 09:00:00,763
2018-01-15 09:01:00,761
2018-01-15 09:02:00,763
2018-01-15 09:03:00,766
2018-01-15 09:04:00,769
2018-01-15 09:05:00,772
2018-01-15 09:06:00,777
2018-01-15 09:07:00,780
2018-01-15 09:08:00,783
2018-01-15 09:09:00,787
2018-01-15 09:10:00,790
2018-01-15 09:11:00,794
2018-01-15 09:12:00,798
2018-01-15 09:13:00,800
2018-01-15 09:14:00,803
2018-01-15 09:15:00,804
2018-01-15 09:16:00,806
2018-01-15 09:17:00,807
2018-01-15 09:18:00,806
2018-01-15 09:19:00,806
2018-01-15 09:20:00,807
2018-01-15 09:21:00,806
2018-01-15 09:22:00,805
2018-01-15 09:23:00,804
2018-01-15 09:24:00,803
2018-01-15 09:25:00,803
2018-01-15 09:26:00,802
2018-01-15 09:27:00,801
2018-01-15 09:28:00,802
2018-01-15 09:29:00,801
2018-01-15 09:30:00,801
2018-01-15 09:31:00,799
2018-01-15 09:32:00,798
2018-01-15 09:33:00,796
2018-01-15 09:34:00,796
2018-01-15 09:35:00,794
2018-01-15 09:36:00,795
2018-01-15 09:37:00,794
2018-01-15 09:38:00,793
2018-01-15 09:39:00,790
2018-01-15 09:40:00,788
2018-01-15 09:41:00,785
2018-01-15 09:42:00,785
2018-01-15 09:43:00,785
2018-01-15 09:44:00,782
2018-01-15 09:45:00,776
2018-01-15 09:46:00,768
2018-01-15 09:47:00,762
2018-01-15 09:48:00,758
2018-01-15 09:49:00,756
2018-01-15 09:50:00,756
2018-01-15 09:51:00,760
2018-01-15 09:52:00,764
2018-01-15 09:53:00,768
2018-01-15 09:54:00,769
2018-01-15 09:55:00,770
2018-01-15 09:56:00,770
2018-01-15 09:57:00,770
2018-01-15 09:58:00,770
2018-01-15 09:59:00,770
2018-01-15 10:00:00,773
2018-01-15 10:01:00,776
2018-01-15 10:02:00,777
2018-01-15 10:03:00,780
2018-01-15 10:04:00,781
2018-01-15 10:05:00,783
2018-01-15 10:06:00,783
2018-01-15 10:07:00,787
2018-01-15 10:08:00,789
2018-01-15 10:09:00,792
2018-01-15 10:10:00,795
2018-01-15 10:11:00,801
2018-01-15 10:12:00,806
2018-01-15 10:13:00,811
2018-01-15 10:14:00,815
2018-01-15 10:15:00,820
2018-01-15 10:16:00,823
2018-01-15 10:17:00,825
2018-01-15 10:18:00,839
2018-01-15 10:19:00,850
2018-01-15 10:20:00,856
2018-01-15 10:21:00,863
2018-01-15 10:22:00,869
2018-01-15 10:23:00,875
2018-01-15 10:24:00,881
2018-01-15 10:25:00,885
2018-01-15 10:26:00,888
2018-01-15 10:27:00,892
2018-01-15 10:28:00,896
2018-01-15 10:29:00,900
2018-01-15 10:30:00,905
2018-01-15 10:31:00,910
2018-01-15 10:32:00,917
2018-01-15 10:33:00,923
2018-01-15 10:34:00,927
2018-01-15 10:35:00,931
2018-01-15 10:36:00,934
2018-01-15 10:37:00,936
2018-01-15 10:38:00,939
2018-01-15 10:39:00,944
2018-01-15 10:40:00,948
2018-01-15 10:41:00,952
2018-01-15 10:42:00,955
2018-01-15 10:43:00,960
2018-01-15 10:44:00,962
2018-01-15 10:45:00,963
2018-01-15 10:46:00,966
2018-01-15 10:47:00,967
2018-01-15 10:48:00,967
2018-01-15 10:49:00,970
2018-01-15 10:50:00,970
2018-01-15 10:51:00,970
2018-01-15 10:52:00,970
2018-01-15 10:53:00,969
2018-01-15 10:54:00,970
2018-01-15 10:55:00,971
2018-01-15 10:56:00,973
2018-01-15 10:57:00,975
2018-01-15 10:58:00,979
2018-01-15 10:59:00,982
2018-01-15 11:00:00,984
2018-01-15 11:01:00,987
2018-01-15 11:02:00,989
2018-01-15 11:03:00,991
2018-01-15 11:04:00,994
2018-01-15 11:05:00,998
2018-01-15 11:06:00,1001
2018-01-15 11:07:00,1004
2018-01-15 11:08:00,1007
2018-01-15 11:09:00,1008
2018-01-15 11:10:00,1009
2018-01-15 11:11:00,1009
2018-01-15 11:12:00,1007
2018-01-15 11:13:00,1008
2018-01-15 11:14:00,1009
2018-01-15 11:15:00,1010
2018-01-15 11:16:00,1015
2018-01-15 11:17:00,1018
2018-01-15 11:18:00,1013
2018-01-15 11:19:00,1007
2018-01-15 11:20:00,1007
2018-01-15 11:21:00,1007
2018-01-15 11:22:00,1006
2018-01-15 11:23:00,1008
2018-01-15 11:24:00,1009
2018-01-15 11:25:00,1012
2018-01-15 11:26:00,1015
2018-01-15 11:27:00,1017
2018-01-15 11:28:00,1020
2018-01-15 11:29:00,1023
2018-01-15 11:30:00,1024
2018-01-15 11:31:00,1027
2018-01-15 11:32:00,1027
2018-01-15 11:33:00,1026
2018-01-15 11:34:00,1028
2018-01-15 11:35:00,1030
2018-01-15 11:36:00,1031
2018-01-15 11:37:00,1036
2018-01-15 11:38:00,1039
2018-01-15 11:39:00,1040
2018-01-15 11:40:00,1041
2018-01-15 11:41:00,1043
2018-01-15 11:42:00,1044
2018-01-15 11:43:00,1047
2018-01-15 11:44:00,1053
2018-01-15 11:45:00,1057
2018-01-15 11:46:00,1060
2018-01-15 11:47:00,1063
2018-01-15 11:48:00,1068
2018-01-15 11:49:00,1071
2018-01-15 11:50:00,1076
2018-01-15 11:51:00,1081
2018-01-15 11:52:00,1086
2018-01-15 11:53:00,1088
2018-01-15 11:54:00,1091
2018-01-15 11:55:00,1094
2018-01-15 11:56:00,1096
2018-01-15 11:57:00,1103
2018-01-15 11:58:00,1104
2018-01-15 11:59:00,1107
2018-01-15 12:00:00,1109
2018-01-15 12:01:00,1110
2018-01-15 12:02:00,1115
2018-01-15 12:03:00,1116
2018-01-15 12:04:00,1120
2018-01-15 12:05:00,1120
2018-01-15 12:06:00,1124
2018-01-15 12:07:00,1128
2018-01-15 12:08:00,1131
2018-01-15 12:09:00,1132
2018-01-15 12:10:00,1137
2018-01-15 12:11:00,1139
2018-01-15 12:12:00,1145
2018-01-15 12:13:00,1148
2018-01-15 12:14:00,1151
2018-01-15 12:15:00,1156
2018-01-15 12:16:00,1158
2018-01-15 12:17:00,1160
2018-01-15 12:18:00,1163
2018-01-15 12:19:00,1166
2018-01-15 12:20:00,1169
2018-01-15 12:21:00,1172
2018-01-15 12:22:00,1178
2018-01-15 12:23:00,1182
2018-01-15 12:24:00,1186
2018-01-15 12:25:00,1190
2018-01-15 12:26:00,1193
2018-01-15 12:27:00,1198
2018-01-15 12:28:00,1201
2018-01-15 12:29:00,1204
2018-01-15 12:30:00,1208
2018-01-15 12:31:00,1210
2018-01-15 12:32:00,1213
2018-01-15 12:33:00,1218
2018-01-15 12:34:00,1221
2018-01-15 12:35:00,1226
2018-01-15 12:36:00,1231
2018-01-15 12:37:00,1234
2018-01-15 12:38:00,1236
2018-01-15 12:39:00,1240
2018-01-15 12:40:00,1245
2018-01-15 12:41:00,1247
2018-01-15 12:42:00,1252
2018-01-15 12:43:00,1255
2018-01-15 12:44:00,1255
2018-01-15 12:45:00,1257
2018-01-15 12:46:00,1259
2018-01-15 12:47:00,1262
2018-01-15 12:48:00,1265
2018-01-15 12:49:00,1269
2018-01-15 12:50:00,1271
2018-01-15 12:51:00,1274
2018-01-15 12:52:00,1277
2018-01-15 12:53:00,1282
2018-01-15 12:54:00,1286
2018-01-15 12:55:00,1292
2018-01-15 12:56:00,1298
2018-01-15 12:57:00,1301
2018-01-15 12:58:00,1308
2018-01-15 12:59:00,1312
2018-01-15 13:00:00,1319
2018-01-15 13:01:00,1325
2018-01-15 13:02:00,1329
2018-01-15 13:03:00,1335
2018-01-15 13:04:00,1345
2018-01-15 13:05:00,1356
2018-01-15 13:06:00,1362
2018-01-15 13:07:00,1366
2018-01-15 13:08:00,1373
2018-01-15 13:09:00,1377
2018-01-15 13:10:00,1382
2018-01-15 13:11:00,1387
2018-01-15 13:12:00,1388
2018-01-15 13:13:00,1389
2018-01-15 13:14:00,1387
2018-01-15 13:15:00,1387
2018-01-15 13:16:00,1387
2018-01-15 13:17:00,1387
2018-01-15 13:18:00,1387
2018-01-15 13:19:00,1390
2018-01-15 13:20:00,1387
2018-01-15 13:21:00,1382
2018-01-15 13:22:00,1376
2018-01-15 13:23:00,1370
2018-01-15 13:24:00,1363
2018-01-15 13:25:00,1357
2018-01-15 13:26:00,1353
2018-01-15 13:27:00,1346
2018-01-15 13:28:00,1339
2018-01-15 13:29:00,1333
2018-01-15 13:30:00,1327
2018-01-15 13:31:00,1322
2018-01-15 13:32:00,1318
2018-01-15 13:33:00,1311
2018-01-15 13:34:00,1307
2018-01-15 13:35:00,1301
2018-01-15 13:36:00,1296
2018-01-15 13:37:00,1291
2018-01-15 13:38:00,1287
2018-01-15 13:39:00,1281
2018-01-15 13:40:00,1275
2018-01-15 13:41:00,1269
2018-01-15 13:42:00,1263
2018-01-15 13:43:00,1256
2018-01-15 13:44:00,1250
2018-01-15 13:45:00,1246
2018-01-15 13:46:00,1241
2018-01-15 13:47:00,1237
2018-01-15 13:48:00,1232
2018-01-15 13:49:00,1226
2018-01-15 13:50:00,1220
2018-01-15 13:51:00,1214
2018-01-15 13:52:00,1207
2018-01-15 13:53:00,1202
2018-01-15 13:54:00,1196
2018-01-15 13:55:00,1189
2018-01-15 13:56:00,1181
2018-01-15 13:57:00,1174
2018-01-15 13:58:00,1167
2018-01-15 13:59:00,1162
2018-01-15 14:00:00,1155
2018-01-15 14:01:00,1149
2018-01-15 14:02:00,1141
2018-01-15 14:03:00,1135
2018-01-15 14:04:00,1123
2018-01-15 14:05:00,1112
2018-01-15 14:06:00,1103
2018-01-15 14:07:00,1095
2018-01-15 14:08:00,1088
2018-01-15 14:09:00,1082
2018-01-15 14:10:00,1075
2018-01-15 14:11:00,1067
2018-01-15 14:12:00,1064
2018-01-15 14:13:00,1043
2018-01-15 14:14:00,1025
2018-01-15 14:15:00,1003
2018-01-15 14:16:00,982
2018-01-15 14:17:00,985
2018-01-15 14:18:00,988
2018-01-15 14:19:00,988
2018-01-15 14:20:00,993
2018-01-15 14:21:00,1001
2018-01-15 14:22:00,1008
2018-01-15 14:23:00,1016
2018-01-15 14:24:00,1023
2018-01-15 14:25:00,1032
2018-01-15 14:26:00,1040
2018-01-15 14:27:00,1049
2018-01-15 14:28:00,1059
2018-01-15 14:29:00,1071
2018-01-15 14:30:00,1081
2018-01-15 14:31:00,1089
2018-01-15 14:32:00,1097
2018-01-15 14:33:00,1106
2018-01-15 14:34:00,1113
2018-01-15 14:35:00,1120
2018-01-15 14:36:00,1127
2018-01-15 14:37:00,1135
2018-01-15 14:38:00,1143
2018-01-15 14:39:00,1151
2018-01-15 14:40:00,1161
2018-01-15 14:41:00,1173
2018-01-15 14:42:00,1184
2018-01-15 14:43:00,1199
2018-01-15 14:44:00,1212
2018-01-15 14:45:00,1223
2018-01-15 14:46:00,1233
2018-01-15 14:47:00,1247
2018-01-15 14:48:00,1257
2018-01-15 14:49:00,1265
2018-01-15 14:50:00,1272
2018-01-15 14:51:00,1283
2018-01-15 14:52:00,1290
2018-01-15 14:53:00,1298
2018-01-15 14:54:00,1306
2018-01-15 14:55:00,1314
2018-01-15 14:56:00,1322
2018-01-15 14:57:00,1328
2018-01-15 14:58:00,1336
2018-01-15 14:59:00,1344
2018-01-15 15:00:00,1352
2018-01-15 15:01:00,1361
2018-01-15 15:02:00,1371
2018-01-15 15:03:00,1378
2018-01-15 15:04:00,1385
2018-01-15 15:05:00,1393
2018-01-15 15:06:00,1401
2018-01-15 15:07:00,1410
2018-01-15 15:08:00,1414
2018-01-15 15:09:00,1420
2018-01-15 15:10:00,1427
2018-01-15 15:11:00,1436
2018-01-15 15:12:00,1443
2018-01-15 15:13:00,1470
2018-01-15 15:14:00,1497
2018-01-15 15:15:00,1522
2018-01-15 15:16:00,1550
2018-01-15 15:17:00,1553
2018-01-15 15:18:00,1557
2018-01-15 15:19:00,1563
2018-01-15 15:20:00,1566
2018-01-15 15:21:00,1568
2018-01-15 15:22:00,1571
2018-01-15 15:23:00,1575
2018-01-15 15:24:00,1579
2018-01-15 15:25:00,1577
2018-01-15 15:26:00,1577
2018-01-15 15:27:00,1577
2018-01-15 15:28:00,1575
2018-01-15 15:29:00,1573
2018-01-15 15:30:00,1573
2018-01-15 15:31:00,1576
2018-01-15 15:32:00,1579
2018-01-15 15:33:00,1583
2018-01-15 15:34:00,1587
2018-01-15 15:35:00,1589
2018-01-15 15:36:00,1595
2018-01-15 15:37:00,1602
2018-01-15 15:38:00,1603
2018-01-15 15:39:00,1606
2018-01-15 15:40:00,1607
2018-01-15 15:41:00,1608
2018-01-15 15:42:00,1607
2018-01-15 15:43:00,1603
2018-01-15 15:44:00,1601
2018-01-15 15:45:00,1603
2018-01-15 15:46:00,1606
2018-01-15 15:47:00,1604
2018-01-15 15:48:00,1605
2018-01-15 15:49:00,1610
2018-01-15 15:50:00,1617
2018-01-15 15:51:00,1620
2018-01-15 15:52:00,1625
2018-01-15 15:53:00,1632
2018-01-15 15:54:00,1638
2018-01-15 15:55:00,1644
2018-01-15 15:56:00,1650
2018-01-15 15:57:00,1657
2018-01-15 15:58:00,1661
2018-01-15 15:59:00,1665
2018-01-15 16:00:00,1670
2018-01-15 16:01:00,1674
2018-01-15 16:02:00,1680
2018-01-15 16:03:00,1684
2018-01-15 16:04:00,1689
2018-01-15 16:05:00,1694
2018-01-15 16:06:00,1699
2018-01-15 16:07:00,1705
2018-01-15 16:08:00,1713
2018-01-15 16:09:00,1721
2018-01-15 16:10:00,1727
2018-01-15 16:11:00,1733
2018-01-15 16:12:00,1738
2018-01-15 16:13:00,1744
2018-01-15 16:14:00,1749
2018-01-15 16:15:00,1755
2018-01-15 16:16:00,1760
2018-01-15 16:17:00,1765
2018-01-15 16:18:00,1771
2018-01-15 16:19:00,1777
2018-01-15 16:20:00,1784
2018-01-15 16:21:00,1790
2018-01-15 16:22:00,1796
2018-01-15 16:23:00,1802
2018-01-15 16:24:00,1808
2018-01-15 16:25:00,1818
2018-01-15 16:26:00,1827
2018-01-15 16:27:00,1835
2018-01-15 16:28:00,1845
2018-01-15 16:29:00,1854
2018-01-15 16:30:00,1862
2018-01-15 16:31:00,1869
2018-01-15 16:32:00,1876
2018-01-15 16:33:00,1883
2018-01-15 16:34:00,1889
2018-01-15 16:35:00,1897
2018-01-15 16:36:00,1902
2018-01-15 16:37:00,1907
2018-01-15 16:38:00,1918
2018-01-15 16:39:00,1926
2018-01-15 16:40:00,1936
2018-01-15 16:41:00,1946
2018-01-15 16:42:00,1956
2018-01-15 16:43:00,1966
2018-01-15 16:44:00,1975
2018-01-15 16:45:00,1983
2018-01-15 16:46:00,1991
2018-01-15 16:47:00,2002
2018-01-15 16:48:00,2011
2018-01-15 16:49:00,2017
2018-01-15 16:50:00,2024
2018-01-15 16:51:00,2032
2018-01-15 16:52:00,2039
2018-01-15 16:53:00,2046
2018-01-15 16:54:00,2054
2018-01-15 16:55:00,2063
2018-01-15 16:56:00,2076
2018-01-15 16:57:00,2086
2018-01-15 16:58:00,2097
2018-01-15 16:59:00,2109
2018-01-15 17:00:00,2118
2018-01-15 17:01:00,2128
2018-01-15 17:02:00,2137
2018-01-15 17:03:00,2146
2018-01-15 17:04:00,2157
2018-01-15 17:05:00,2165
2018-01-15 17:06:00,2175
2018-01-15 17:07:00,2184
2018-01-15 17:08:00,2194
2018-01-15 17:09:00,2204
2018-01-15 17:10:00,2214
2018-01-15 17:11:00,2224
2018-01-15 17:12:00,2235
2018-01-15 17:13:00,2245
2018-01-15 17:14:00,2254
2018-01-15 17:15:00,2266
2018-01-15 17:16:00,2277
2018-01-15 17:17:00,2288
2018-01-15 17:18:00,2301
2018-01-15 17:19:00,2311
2018-01-15 17:20:00,2322
2018-01-15 17:21:00,2335
2018-01-15 17:22:00,2348
2018-01-15 17:23:00,2360
2018-01-15 17:24:00,2375
2018-01-15 17:25:00,2390
2018-01-15 17:26:00,2405
2018-01-15 17:27:00,2419
2018-01-15 17:28:00,2433
2018-01-15 17:29:00,2445
2018-01-15 17:30:00,2457
2018-01-15 17:31:00,2471
2018-01-15 17:32:00,2484
2018-01-15 17:33:00,2497
2018-01-15 17:34:00,2510
2018-01-15 17:35:00,2523
2018-01-15 17:36:00,2535
2018-01-15 17:37:00,2547
2018-01-15 17:38:00,2558
2018-01-15 17:39:00,2571
2018-01-15 17:40:00,2581
2018-01-15 17:41:00,2591
2018-01-15 17:42:00,2600
2018-01-15 17:43:00,2610
2018-01-15 17:44:00,2619
2018-01-15 17:45:00,2628
2018-01-15 17:46:00,2636
2018-01-15 17:47:00,2643
2018-01-15 17:48:00,2650
2018-01-15 17:49:00,2661
2018-01-15 17:50:00,2669
2018-01-15 17:51:00,2682
2018-01-15 17:52:00,2698
2018-01-15 17:53:00,2714
2018-01-15 17:54:00,2725
2018-01-15 17:55:00,2733
2018-01-15 17:56:00,2737
2018-01-15 17:57:00,2742
2018-01-15 17:58:00,2750
2018-01-15 17:59:00,2756
2018-01-15 18:00:00,2765
2018-01-15 18:01:00,2771
2018-01-15 18:02:00,2778
2018-01-15 18:03:00,2788
2018-01-15 18:04:00,2796
2018-01-15 18:05:00,2806
2018-01-15 18:06:00,2816
2018-01-15 18:07:00,2825
2018-01-15 18:08:00,2834
2018-01-15 18:09:00,2843
2018-01-15 18:10:00,2851
2018-01-15 18:11:00,2860
2018-01-15 18:12:00,2869
2018-01-15 18:13:00,2878
2018-01-15 18:14:00,2886
2018-01-15 18:15:00,2896
2018-01-15 18:16:00,2908
2018-01-15 18:17:00,2920
2018-01-15 18:18:00,2931
2018-01-15 18:19:00,2943
2018-01-15 18:20:00,2954
2018-01-15 18:21:00,2963
2018-01-15 18:22:00,2972
2018-01-15 18:23:00,2983
2018-01-15 18:24:00,2992
2018-01-15 18:25:00,3000
2018-01-15 18:26:00,3009
2018-01-15 18:27:00,3018
2018-01-15 18:28:00,3028
2018-01-15 18:29:00,3039
2018-01-15 18:30:00,3049
2018-01-15 18:31:00,3060
2018-01-15 18:32:00,3069
2018-01-15 18:33:00,3079
2018-01-15 18:34:00,3089
2018-01-15 18:35:00,3098
2018-01-15 18:36:00,3107
2018-01-15 18:37:00,3117
2018-01-15 18:38:00,3127
2018-01-15 18:39:00,3135
2018-01-15 18:40:00,3146
2018-01-15 18:41:00,3156
2018-01-15 18:42:00,3166
2018-01-15 18:43:00,3179
2018-01-15 18:44:00,3190
2018-01-15 18:45:00,3201
2018-01-15 18:46:00,3214
2018-01-15 18:47:00,3227
2018-01-15 18:48:00,3247
2018-01-15 18:49:00,3271
2018-01-15 18:50:00,3300
2018-01-15 18:51:00,3326
2018-01-15 18:52:00,3348
2018-01-15 18:53:00,3363
2018-01-15 18:54:00,3381
2018-01-15 18:55:00,3398
2018-01-15 18:56:00,3403
2018-01-15 18:57:00,3415
2018-01-15 18:58:00,3422
2018-01-15 18:59:00,3428
2018-01-15 19:00:00,3432
2018-01-15 19:01:00,3433
2018-01-15 19:02:00,3435
2018-01-15 19:03:00,3434
2018-01-15 19:04:00,3432
2018-01-15 19:05:00,3429
2018-01-15 19:06:00,3428
2018-01-15 19:07:00,3427
2018-01-15 19:08:00,3425
2018-01-15 19:09:00,3425
2018-01-15 19:10:00,3439
2018-01-15 19:11:00,3459
2018-01-15 19:12:00,3465
2018-01-15 19:13:00,3468
2018-01-15 19:14:00,3473
2018-01-15 19:15:00,3483
2018-01-15 19:16:00,3487
2018-01-15 19:17:00,3493
2018-01-15 19:18:00,3491
2018-01-15 19:19:00,3489
2018-01-15 19:20:00,3488
2018-01-15 19:21:00,3484
2018-01-15 19:22:00,3483
2018-01-15 19:23:00,3477
2018-01-15 19:24:00,3471
2018-01-15 19:25:00,3462
2018-01-15 19:26:00,3454
2018-01-15 19:27:00,3449
2018-01-15 19:28:00,3444
2018-01-15 19:29:00,3444
2018-01-15 19:30:00,3440
2018-01-15 19:31:00,3432
2018-01-15 19:32:00,3424
2018-01-15 19:33:00,3415
2018-01-15 19:34:00,3408
2018-01-15 19:35:00,3400
2018-01-15 19:36:00,3392
2018-01-15 19:37:00,3385
2018-01-15 19:38:00,3379
2018-01-15 19:39:00,3373
2018-01-15 19:40:00,3369
2018-01-15 19:41:00,3365
2018-01-15 19:42:00,3359
2018-01-15 19:43:00,3356
2018-01-15 19:44:00,3349
2018-01-15 19:45:00,3344
2018-01-15 19:46:00,3338
2018-01-15 19:47:00,3330
2018-01-15 19:48:00,3314
2018-01-15 19:49:00,3298
2018-01-15 19:50:00,3273
2018-01-15 19:51:00,3262
2018-01-15 19:52:00,3263
2018-01-15 19:53:00,3256
2018-01-15 19:54:00,3240
2018-01-15 19:55:00,3223
2018-01-15 19:56:00,3218
2018-01-15 19:57:00,3210
2018-01-15 19:58:00,3205
2018-01-15 19:59:00,3202
2018-01-15 20:00:00,3202
2018-01-15 20:01:00,3205
2018-01-15 20:02:00,3207
2018-01-15 20:03:00,3211
2018-01-15 20:04:00,3218
2018-01-15 20:05:00,3230
2018-01-15 20:06:00,3235
2018-01-15 20:07:00,3235
2018-01-15 20:08:00,3242
2018-01-15 20:09:00,3245
2018-01-15 20:10:00,3234
2018-01-15 20:11:00,3217
2018-01-15 20:12:00,3218
2018-01-15 20:13:00,3216
2018-01-15 20:14:00,3216
2018-01-15 20:15:00,3219
2018-01-15 20:16:00,3221
2018-01-15 20:17:00,3222
2018-01-15 20:18:00,3221
2018-01-15 20:19:00,3219
2018-01-15 20:20:00,3217
2018-01-15 20:21:00,3226
2018-01-15 20:22:00,3225
2018-01-15 20:23:00,3227
2018-01-15 20:24:00,3231
2018-01-15 20:25:00,3237
2018-01-15 20:26:00,3246
2018-01-15 20:27:00,3250
2018-01-15 20:28:00,3253
2018-01-15 20:29:00,3256
2018-01-15 20:30:00,3258
2018-01-15 20:31:00,3259
2018-01-15 20:32:00,3273
2018-01-15 20:33:00,3279
2018-01-15 20:34:00,3284
2018-01-15 20:35:00,3290
2018-01-15 20:36:00,3297
2018-01-15 20:37:00,3301
2018-01-15 20:38:00,3306
2018-01-15 20:39:00,3313
2018-01-15 20:40:00,3315
2018-01-15 20:41:00,3319
2018-01-15 20:42:00,3326
2018-01-15 20:43:00,3326
2018-01-15 20:44:00,3333
2018-01-15 20:45:00,3338
2018-01-15 20:46:00,3348
2018-01-15 20:47:00,3356
2018-01-15 20:48:00,3367
2018-01-15 20:49:00,3375
2018-01-15 20:50:00,3386
2018-01-15 20:51:00,3379
2018-01-15 20:52:00,3362
2018-01-15 20:53:00,3361
2018-01-15 20:54:00,3371
2018-01-15 20:55:00,3381
2018-01-15 20:56:00,3394
2018-01-15 20:57:00,3404
2018-01-15 20:58:00,3415
2018-01-15 20:59:00,3426
2018-01-15 21:00:00,3440
2018-01-15 21:01:00,3459
2018-01-15 21:02:00,3475
2018-01-15 21:03:00,3488
2018-01-15 21:04:00,3503
2018-01-15 21:05:00,3516
2018-01-15 21:06:00,3537
2018-01-15 21:07:00,3563
2018-01-15 21:08:00,3585
2018-01-15 21:09:00,3607
2018-01-15 21:10:00,3634
2018-01-15 21:11:00,3656
2018-01-15 21:12:00,3673
2018-01-15 21:13:00,3698
2018-01-15 21:14:00,3726
2018-01-15 21:15:00,3741
2018-01-15 21:16:00,3763
2018-01-15 21:17:00,3783
2018-01-15 21:18:00,3814
2018-01-15 21:19:00,3841
2018-01-15 21:20:00,3872
2018-01-15 21:21:00,3898
2018-01-15 21:22:00,3931
2018-01-15 21:23:00,3963
2018-01-15 21:24:00,3995
2018-01-15 21:25:00,4027
2018-01-15 21:26:00,4053
2018-01-15 21:27:00,4084
2018-01-15 21:28:00,4110
2018-01-15 21:29:00,4134
2018-01-15 21:30:00,4157
2018-01-15 21:31:00,4187
2018-01-15 21:32:00,4205
2018-01-15 21:33:00,4231
2018-01-15 21:34:00,4259
2018-01-15 21:35:00,4281
2018-01-15 21:36:00,4305
2018-01-15 21:37:00,4330
2018-01-15 21:38:00,4359
2018-01-15 21:39:00,4386
2018-01-15 21:40:00,4415
2018-01-15 21:41:00,4447
2018-01-15 21:42:00,4476
2018-01-15 21:43:00,4508
2018-01-15 21:44:00,4542
2018-01-15 21:45:00,4569
2018-01-15 21:46:00,4595
2018-01-15 21:47:00,4535
2018-01-15 21:48:00,4474
2018-01-15 21:49:00,4411
2018-01-15 21:50:00,4350
2018-01-15 21:51:00,4372
2018-01-15 21:52:00,4392
2018-01-15 21:53:00,4412
2018-01-15 21:54:00,4432
2018-01-15 21:55:00,4452
2018-01-15 21:56:00,4471
2018-01-15 21:57:00,4490
2018-01-15 21:58:00,4511
2018-01-15 21:59:00,4532
2018-01-15 22:00:00,4543
2018-01-15 22:01:00,4549
2018-01-15 22:02:00,4557
2018-01-15 22:03:00,4567
2018-01-15 22:04:00,4574
2018-01-15 22:05:00,4578
2018-01-15 22:06:00,4579
2018-01-15 22:07:00,4579
2018-01-15 22:08:00,4579
2018-01-15 22:09:00,4578
2018-01-15 22:10:00,4574
2018-01-15 22:11:00,4573
2018-01-15 22:12:00,4572
2018-01-15 22:13:00,4571
2018-01-15 22:14:00,4562
2018-01-15 22:15:00,4557
2018-01-15 22:16:00,4549
2018-01-15 22:17:00,4542
2018-01-15 22:18:00,4535
2018-01-15 22:19:00,4533
2018-01-15 22:20:00,4526
2018-01-15 22:21:00,4516
2018-01-15 22:22:00,4506
2018-01-15 22:23:00,4499
2018-01-15 22:24:00,4490
2018-01-15 22:25:00,4479
2018-01-15 22:26:00,4471
2018-01-15 22:27:00,4459
2018-01-15 22:28:00,4450
2018-01-15 22:29:00,4440
2018-01-15 22:30:00,4433
2018-01-15 22:31:00,4423
2018-01-15 22:32:00,4415
2018-01-15 22:33:00,4405
2018-01-15 22:34:00,4394
2018-01-15 22:35:00,4389
2018-01-15 22:36:00,4383
2018-01-15 22:37:00,4376
2018-01-15 22:38:00,4365
2018-01-15 22:39:00,4355
2018-01-15 22:40:00,4346
2018-01-15 22:41:00,4335
2018-01-15 22:42:00,4327
2018-01-15 22:43:00,4319
2018-01-15 22:44:00,4306
2018-01-15 22:45:00,4297
2018-01-15 22:46:00,4290
2018-01-15 22:47:00,4369
2018-01-15 22:48:00,4448
2018-01-15 22:49:00,4528
2018-01-15 22:50:00,4609
2018-01-15 22:51:00,4607
2018-01-15 22:52:00,4605
2018-01-15 22:53:00,4602
2018-01-15 22:54:00,4599
2018-01-15 22:55:00,4599
2018-01-15 22:56:00,4598
2018-01-15 22:57:00,4596
2018-01-15 22:58:00,4592
2018-01-15 22:59:00,4588
2018-01-15 23:00:00,4590
2018-01-15 23:01:00,4590
2018-01-15 23:02:00,4592
2018-01-15 23:03:00,4597
2018-01-15 23:04:00,4599
2018-01-15 23:05:00,4602
2018-01-15 23:06:00,4605
2018-01-15 23:07:00,4607
2018-01-15 23:08:00,4608
2018-01-15 23:09:00,4611
2018-01-15 23:10:00,4611
2018-01-15 23:11:00,4617
2018-01-15 23:12:00,4621
2018-01-15 23:13:00,4626
2018-01-15 23:14:00,4633
2018-01-15 23:15:00,4637
2018-01-15 23:16:00,4642
2018-01-15 23:17:00,4646
2018-01-15 23:18:00,4649
2018-01-15 23:19:00,4651
2018-01-15 23:20:00,4653
2018-01-15 23:21:00,4657
2018-01-15 23:22:00,4660
2018-01-15 23:23:00,4661
2018-01-15 23:24:00,4661
2018-01-15 23:25:00,4664
2018-01-15 23:26:00,4668
2018-01-15 23:27:00,4675
2018-01-15 23:28:00,4682
2018-01-15 23:29:00,4687
2018-01-15 23:30:00,4695
2018-01-15 23:31:00,4705
2018-01-15 23:32:00,4709
2018-01-15 23:33:00,4716
2018-01-15 23:34:00,4721
2018-01-15 23:35:00,4725
2018-01-15 23:36:00,4731
2018-01-15 23:37:00,4739
2018-01-15 23:38:00,4746
2018-01-15 23:39:00,4755
2018-01-15 23:40:00,4762
2018-01-15 23:41:00,4769
2018-01-15 23:42:00,4769
2018-01-15 23:43:00,4777
2018-01-15 23:44:00,4790
2018-01-15 23:45:00,4793
2018-01-15 23:46:00,4795
2018-01-15 23:47:00,4796
2018-01-15 23:48:00,4795
2018-01-15 23:49:00,4792
2018-01-15 23:50:00,4788
2018-01-15 23:51:00,4785
2018-01-15 23:52:00,4784
2018-01-15 23:53:00,4786
2018-01-15 23:54:00,4786
2018-01-15 23:55:00,4787
2018-01-15 23:56:00,4785
2018-01-15 23:57:00,4787
2018-01-15 23:58:00,4786
2018-01-15 23:59:00,4669
